Channel Id,Channel Url,Channel Title
UC-5QQuejPrfzryw1NDsS6zg,http://www.youtube.com/channel/UC-5QQuejPrfzryw1NDsS6zg,structurefree
UC-TfuZW3tTCEuyGFiczr-Kw,http://www.youtube.com/channel/UC-TfuZW3tTCEuyGFiczr-Kw,Binibining Beats
UC-ZQaezPlUTe94-7buWtIfA,http://www.youtube.com/channel/UC-ZQaezPlUTe94-7buWtIfA,studyquill
UC-ZaFVre7Koir_VcaM2LpNA,http://www.youtube.com/channel/UC-ZaFVre7Koir_VcaM2LpNA,MihranTV
UC-g0gSStENkYPXFRsKrlvyA,http://www.youtube.com/channel/UC-g0gSStENkYPXFRsKrlvyA,The English Coach
UC-ga3onzHSJFAGsIebtVeBg,http://www.youtube.com/channel/UC-ga3onzHSJFAGsIebtVeBg,Lavendaire
UC-yTB2bUcin9mmah36sXiYA,http://www.youtube.com/channel/UC-yTB2bUcin9mmah36sXiYA,TEDxYouth
UC0G3ShKXy9CnfgyinX89kIg,http://www.youtube.com/channel/UC0G3ShKXy9CnfgyinX89kIg,MYLEE DANCE
UC0KjIJ7bcyqXgZV8u6IEJiA,http://www.youtube.com/channel/UC0KjIJ7bcyqXgZV8u6IEJiA,Manas Patnaik
UC10UTtTNM-qNzexrHti33Ug,http://www.youtube.com/channel/UC10UTtTNM-qNzexrHti33Ug,BOKARO RIDER'S
UC2-vrGETGeMRsOp26ASqMCA,http://www.youtube.com/channel/UC2-vrGETGeMRsOp26ASqMCA,Lucie Fink
UC2TAp3l14YZvpIJ7fDct6xQ,http://www.youtube.com/channel/UC2TAp3l14YZvpIJ7fDct6xQ,vision daudnagar
UC2UXDak6o7rBm23k3Vv5dww,http://www.youtube.com/channel/UC2UXDak6o7rBm23k3Vv5dww,Tina Huang
UC3KEoMzNz8eYnwBC34RaKCQ,http://www.youtube.com/channel/UC3KEoMzNz8eYnwBC34RaKCQ,Simone Giertz
UC4PfG7PnBDYoFKY8E35hx3Q,http://www.youtube.com/channel/UC4PfG7PnBDYoFKY8E35hx3Q,DJD Editzz
UC59K-uG2A5ogwIrHw4bmlEg,http://www.youtube.com/channel/UC59K-uG2A5ogwIrHw4bmlEg,Telusko
UC5W8kZaY_u59fwgtjnLrBXA,http://www.youtube.com/channel/UC5W8kZaY_u59fwgtjnLrBXA,Kanan Gill
UC6cLPyfsvot0X0JNlkEJKrA,http://www.youtube.com/channel/UC6cLPyfsvot0X0JNlkEJKrA,WeldNotes.com
UC6ktP3PLU5sAJxN9Rb0TALg,http://www.youtube.com/channel/UC6ktP3PLU5sAJxN9Rb0TALg,Mike Shake
UC7IcJI8PUf5Z3zKxnZvTBog,http://www.youtube.com/channel/UC7IcJI8PUf5Z3zKxnZvTBog,The School of Life
UC7SNbNsrnJQ36F3pJTiPoMg,http://www.youtube.com/channel/UC7SNbNsrnJQ36F3pJTiPoMg,Ragini Silai center
UC7WsKnXqYUee4aZjrniuFvw,http://www.youtube.com/channel/UC7WsKnXqYUee4aZjrniuFvw,LifeOfTheMills
UC7cs8q-gJRlGwj4A8OmCmXg,http://www.youtube.com/channel/UC7cs8q-gJRlGwj4A8OmCmXg,Alex The Analyst
UC7j_rnlUfpaWmV-Yre2WGkQ,http://www.youtube.com/channel/UC7j_rnlUfpaWmV-Yre2WGkQ,Mandy Jiroux
UC8butISFwT-Wl7EV0hUK0BQ,http://www.youtube.com/channel/UC8butISFwT-Wl7EV0hUK0BQ,freeCodeCamp.org
UC8wGKkLGmi3LWvirdisqbwQ,http://www.youtube.com/channel/UC8wGKkLGmi3LWvirdisqbwQ,Case Interviews Cracked
UC9JWnvl5ZjZv09F5RqiLptw,http://www.youtube.com/channel/UC9JWnvl5ZjZv09F5RqiLptw,Scaler
UC9WkALOqlUsQybT-IMTsOqw,http://www.youtube.com/channel/UC9WkALOqlUsQybT-IMTsOqw,Put A Cup In It
UC9gFih9rw0zNCK3ZtoKQQyA,http://www.youtube.com/channel/UC9gFih9rw0zNCK3ZtoKQQyA,JennaMarbles
UCAQg09FkoobmLquNNoO4ulg,http://www.youtube.com/channel/UCAQg09FkoobmLquNNoO4ulg,linguamarina
UCAuUUnT6oDeKwE6v1NGQxug,http://www.youtube.com/channel/UCAuUUnT6oDeKwE6v1NGQxug,TED
UCB8Tu2WAUkDYKjIYu5vzl8g,http://www.youtube.com/channel/UCB8Tu2WAUkDYKjIYu5vzl8g,ISHIKA
UCBjBZmguQzn6WCYR7DQykLw,http://www.youtube.com/channel/UCBjBZmguQzn6WCYR7DQykLw,TED Fellow
UCC3f6x4z_1SUQ0nvBGC55Hw,http://www.youtube.com/channel/UCC3f6x4z_1SUQ0nvBGC55Hw,Dr. Alex Heyne - Acupuncture and Chinese Medicine
UCCezIgC97PvUuR4_gbFUs5g,http://www.youtube.com/channel/UCCezIgC97PvUuR4_gbFUs5g,Corey Schafer
UCD-scAE4ju78dld1kpcsQfQ,http://www.youtube.com/channel/UCD-scAE4ju78dld1kpcsQfQ,C++ by Saurabh Shukla Sir
UCD8AJXZuBTy2rlKYswOljew,http://www.youtube.com/channel/UCD8AJXZuBTy2rlKYswOljew,SAEISS ADC
UCDBycVghUbnimnzqirsU1Jg,http://www.youtube.com/channel/UCDBycVghUbnimnzqirsU1Jg,Scott Cunningham
UCDHAK5vPHdeLUiN1pwPa0lQ,http://www.youtube.com/channel/UCDHAK5vPHdeLUiN1pwPa0lQ,AnimaniaX
UCDJfHrPPhh7K7eWbWMG4MYg,http://www.youtube.com/channel/UCDJfHrPPhh7K7eWbWMG4MYg,Beat Breakers - NIT Jamshedpur
UCDwHFuZJV_2qukjmkJGWIfw,http://www.youtube.com/channel/UCDwHFuZJV_2qukjmkJGWIfw,Melanie Murphy
UCEDkO7wshcDZ7UZo17rPkzQ,http://www.youtube.com/channel/UCEDkO7wshcDZ7UZo17rPkzQ,mayuko
UCEycinkCV4n08YxpFiaLKtA,http://www.youtube.com/channel/UCEycinkCV4n08YxpFiaLKtA,Vitamin Stree
UCH45svcDZLai6j4NYSHb77g,http://www.youtube.com/channel/UCH45svcDZLai6j4NYSHb77g,Muskaan Malhotra
UCHnyfMqiRRG1u-2MsSQLbXA,http://www.youtube.com/channel/UCHnyfMqiRRG1u-2MsSQLbXA,Veritasium
UCIV6YGTMCxcyFLPRtNV0wow,http://www.youtube.com/channel/UCIV6YGTMCxcyFLPRtNV0wow,Kajal's Touch
UCJ24N4O0bP7LGLBDvye7oCA,http://www.youtube.com/channel/UCJ24N4O0bP7LGLBDvye7oCA,Matt D'Avella
UCJjSDX-jUChzOEyok9XYRJQ,http://www.youtube.com/channel/UCJjSDX-jUChzOEyok9XYRJQ,Jubilee
UCKZozRVHRYsYHGEyNKuhhdA,http://www.youtube.com/channel/UCKZozRVHRYsYHGEyNKuhhdA,Think School
UCKzw1M8xhzXD9TjEquvQ8Sg,http://www.youtube.com/channel/UCKzw1M8xhzXD9TjEquvQ8Sg,Kaiti Yoo
UCLXo7UDZvByw2ixzpQCufnA,http://www.youtube.com/channel/UCLXo7UDZvByw2ixzpQCufnA,Vox
UCLx-YFOk_NgXNG7uCXq8m5w,http://www.youtube.com/channel/UCLx-YFOk_NgXNG7uCXq8m5w,RITVIZ
UCMSI1Ck1mJOaxxwJ0bzrYhQ,http://www.youtube.com/channel/UCMSI1Ck1mJOaxxwJ0bzrYhQ,The Urban Fight
UCNU_lfiiWBdtULKOw6X0Dig,http://www.youtube.com/channel/UCNU_lfiiWBdtULKOw6X0Dig,Krish Naik
UCNk__kU7szonh1MY7cF2MpA,http://www.youtube.com/channel/UCNk__kU7szonh1MY7cF2MpA,DUAL MOON FILMS
UCOJ2unhVd9yfUvbj6-q0jyQ,http://www.youtube.com/channel/UCOJ2unhVd9yfUvbj6-q0jyQ,channelnotes
UCOaqv3KssAlhCTvGlBRS8ng,http://www.youtube.com/channel/UCOaqv3KssAlhCTvGlBRS8ng,Little by Little
UCPF_GAB99p5Hhg-NQ5AgAqw,http://www.youtube.com/channel/UCPF_GAB99p5Hhg-NQ5AgAqw,Stairway To Symphony
UCQ_aa1q_dpqRc5uATuslRzg,http://www.youtube.com/channel/UCQ_aa1q_dpqRc5uATuslRzg,taliajoy18
UCR4euGGs0mtP4BJ9KSB9XEQ,http://www.youtube.com/channel/UCR4euGGs0mtP4BJ9KSB9XEQ,RiverTechJess
UCR9gMSj0UUxGvgfpNhhF3Jw,http://www.youtube.com/channel/UCR9gMSj0UUxGvgfpNhhF3Jw,Amy Landino
UCRNnYXD8Elz5zwKQ2jAcbAg,http://www.youtube.com/channel/UCRNnYXD8Elz5zwKQ2jAcbAg,The Story of Stuff Project
UCRXG7t9aTz2IzPxwF1iqmiA,http://www.youtube.com/channel/UCRXG7t9aTz2IzPxwF1iqmiA,Mayank Kumar
UCRopIYn4M8h9V2hwD4JQ_Eg,http://www.youtube.com/channel/UCRopIYn4M8h9V2hwD4JQ_Eg,fandomnewbie
UCRxTCHU5RLYTV354klRihIQ,http://www.youtube.com/channel/UCRxTCHU5RLYTV354klRihIQ,DJD Editzz
UCRzYN32xtBf3Yxsx5BvJWJw,http://www.youtube.com/channel/UCRzYN32xtBf3Yxsx5BvJWJw,warikoo
UCS6ESsUIYly_-wdlJj6eVOg,http://www.youtube.com/channel/UCS6ESsUIYly_-wdlJj6eVOg,Creative Lab
UCTGlBH7oKcVxsxGqMqYopIQ,http://www.youtube.com/channel/UCTGlBH7oKcVxsxGqMqYopIQ,CHILL WITH LOFI 2.0
UCUHW94eEFW7hkUMVaZz4eDg,http://www.youtube.com/channel/UCUHW94eEFW7hkUMVaZz4eDg,minutephysics
UCUiyUeyxUa0baQoBwum_wlQ,http://www.youtube.com/channel/UCUiyUeyxUa0baQoBwum_wlQ,Hack With Us
UCUleYrMPWnu2k8sIs0c35FQ,http://www.youtube.com/channel/UCUleYrMPWnu2k8sIs0c35FQ,James Vance
UCV-s8itWCK3yeCppmSYxtVA,http://www.youtube.com/channel/UCV-s8itWCK3yeCppmSYxtVA,MeganBatoon
UCV_fnf3dZn_6IE34QIVaNLw,http://www.youtube.com/channel/UCV_fnf3dZn_6IE34QIVaNLw,Revanta SuperMileage
UCWENB1OaGA9402PKzEVl0ow,http://www.youtube.com/channel/UCWENB1OaGA9402PKzEVl0ow,storybooth
UCWQerFAlYiP6yrk3fI1_Pxw,http://www.youtube.com/channel/UCWQerFAlYiP6yrk3fI1_Pxw,Prachi Puri
UCWVw83_t-zfX0s1KYBdAIDg,http://www.youtube.com/channel/UCWVw83_t-zfX0s1KYBdAIDg,Culfest NIT Jamshedpur
UCX6b17PVsYBQ0ip5gyeme-Q,http://www.youtube.com/channel/UCX6b17PVsYBQ0ip5gyeme-Q,CrashCourse
UCXAS_Ekkq0iFJ9dSUIkcAkw,http://www.youtube.com/channel/UCXAS_Ekkq0iFJ9dSUIkcAkw,The Efficient Engineer
UCXY0b7SOnB0BJE_txtQLCvw,http://www.youtube.com/channel/UCXY0b7SOnB0BJE_txtQLCvw,NAS Daily
UCX_7hEUHZCQhQI8oqHPsr0g,http://www.youtube.com/channel/UCX_7hEUHZCQhQI8oqHPsr0g,UnErase Poetry
UCXt7UxNv_-m_fbyxM7DmBTQ,http://www.youtube.com/channel/UCXt7UxNv_-m_fbyxM7DmBTQ,Sword Pen
UCYC6Vcczj8v-Y5OgpEJTFBw,http://www.youtube.com/channel/UCYC6Vcczj8v-Y5OgpEJTFBw,Fit Tuber
UCYOfhQvPzZ7ALqeXa8NleHQ,http://www.youtube.com/channel/UCYOfhQvPzZ7ALqeXa8NleHQ,Eric Karl Anderson
UCZC45sBWNdkqSQ9Bwtt5lfA,http://www.youtube.com/channel/UCZC45sBWNdkqSQ9Bwtt5lfA,Anna Akana
UCZOi-NkruQh2QKoOVs14TDQ,http://www.youtube.com/channel/UCZOi-NkruQh2QKoOVs14TDQ,Suraj Ganguly
UC_tbZnjIYcGZ8XVqAUePjEg,http://www.youtube.com/channel/UC_tbZnjIYcGZ8XVqAUePjEg,Hi I'm Haley
UCaLqoMB2SYau80tJIs0bzGg,http://www.youtube.com/channel/UCaLqoMB2SYau80tJIs0bzGg,Horizon Academy
UCaLslnrr2Tt9XkAlg6HHOJw,http://www.youtube.com/channel/UCaLslnrr2Tt9XkAlg6HHOJw,Rebecca Dell‘Anna
UCakQBGOPUl6cZE0QCK0JJPw,http://www.youtube.com/channel/UCakQBGOPUl6cZE0QCK0JJPw,Coding Club
UCbAwSkqJ1W_Eg7wr3cp5BUA,http://www.youtube.com/channel/UCbAwSkqJ1W_Eg7wr3cp5BUA,Safiya Nygaard
UCbDkU_s8lrlkObTApjmpAPQ,http://www.youtube.com/channel/UCbDkU_s8lrlkObTApjmpAPQ,Beatbreakers - Official Dance team of NIT Jamshedpur
UCbE8yt_7uabZNRzqbuzA8IA,http://www.youtube.com/channel/UCbE8yt_7uabZNRzqbuzA8IA,Alumni Team NITJSR
UCbmaCQXa2xwyaGLlpKK96wQ,http://www.youtube.com/channel/UCbmaCQXa2xwyaGLlpKK96wQ,What The Film
UCdQcjf5Nji3-XD4xRTrfQBQ,http://www.youtube.com/channel/UCdQcjf5Nji3-XD4xRTrfQBQ,Jeeya Sethi
UCdcNBwM8j9Y7WTRRc2DmQbw,http://www.youtube.com/channel/UCdcNBwM8j9Y7WTRRc2DmQbw,THEY ACTUALLY ANIMATED MY STORY
UCfVrbQfrtgSH7m39Xw07WQA,http://www.youtube.com/channel/UCfVrbQfrtgSH7m39Xw07WQA,The Petite Planner
UCfnoKx2jyLdoQoSBa6XvvUA,http://www.youtube.com/channel/UCfnoKx2jyLdoQoSBa6XvvUA,The Swaddle
UCftwRNsjfRo08xYE31tkiyw,http://www.youtube.com/channel/UCftwRNsjfRo08xYE31tkiyw,WIRED
UCgSku43Ciye6rdl23J3mTGw,http://www.youtube.com/channel/UCgSku43Ciye6rdl23J3mTGw,lemoncholy
UCgWfS_47YPVbKx5EK4FLm4A,http://www.youtube.com/channel/UCgWfS_47YPVbKx5EK4FLm4A,Jenn Im
UCgjw6tZNyjR_8zIFDsIPpww,http://www.youtube.com/channel/UCgjw6tZNyjR_8zIFDsIPpww,Trash is for Tossers
UCh9o08eUSNWTacXJqTTtbXA,http://www.youtube.com/channel/UCh9o08eUSNWTacXJqTTtbXA,STEEZY
UCix7wE05YbRdOVUPNHy0KTg,http://www.youtube.com/channel/UCix7wE05YbRdOVUPNHy0KTg,ModernHealthMonk
UCj22tfcQrWG7EMEKS0qLeEg,http://www.youtube.com/channel/UCj22tfcQrWG7EMEKS0qLeEg,CarryMinati
UCjdgBls3uP-OzfzH3Yv2Eyg,http://www.youtube.com/channel/UCjdgBls3uP-OzfzH3Yv2Eyg,AKIO TV
UCk9aeo2A6a1fg3VeRueTn9w,http://www.youtube.com/channel/UCk9aeo2A6a1fg3VeRueTn9w,AmandaRachLee
UCkG5Knsb4_6CX-J82cKTwAw,http://www.youtube.com/channel/UCkG5Knsb4_6CX-J82cKTwAw,Salaam Baalak Trust
UCkJEpR7JmS36tajD34Gp4VA,http://www.youtube.com/channel/UCkJEpR7JmS36tajD34Gp4VA,Psych2Go
UCkbTTGoBpjX8ogXHCt-aegw,http://www.youtube.com/channel/UCkbTTGoBpjX8ogXHCt-aegw,Sorelle Amore
UCkzNGkwGErVvD6N2HmXN1gQ,http://www.youtube.com/channel/UCkzNGkwGErVvD6N2HmXN1gQ,Ana Mascara
UCkzurRVMuPQEIUk7d-c6RbA,http://www.youtube.com/channel/UCkzurRVMuPQEIUk7d-c6RbA,Ben Platt
UClEEsT7DkdVO_fkrBw0OTrA,http://www.youtube.com/channel/UClEEsT7DkdVO_fkrBw0OTrA,mycodeschool
UClNHWmlNIgEXLotLtlY2mLw,http://www.youtube.com/channel/UClNHWmlNIgEXLotLtlY2mLw,Danny Casale
UCmXZxX_qexEZxhb5_vQKPCw,http://www.youtube.com/channel/UCmXZxX_qexEZxhb5_vQKPCw,Aman Dhattarwal
UCmoeGab9cYH7mjh5wiMMl4g,http://www.youtube.com/channel/UCmoeGab9cYH7mjh5wiMMl4g,Animesh Shankar
UCnVzApLJE2ljPZSeQylSEyg,http://www.youtube.com/channel/UCnVzApLJE2ljPZSeQylSEyg,Data School
UCneQdPbDLwZ__ZXP0YVwiag,http://www.youtube.com/channel/UCneQdPbDLwZ__ZXP0YVwiag,Honestly by Tanmay Bhat
UCnmc_PeDpqp5ww2PcB4dU9w,http://www.youtube.com/channel/UCnmc_PeDpqp5ww2PcB4dU9w,Terribly Tiny Tales
UCo8bcnLyZH8tBIH9V1mLgqQ,http://www.youtube.com/channel/UCo8bcnLyZH8tBIH9V1mLgqQ,TheOdd1sOut
UCoLUji8TYrgDy74_iiazvYA,http://www.youtube.com/channel/UCoLUji8TYrgDy74_iiazvYA,Jarvis Johnson
UCoov9QMB5gkH4hx5r_Q49ew,http://www.youtube.com/channel/UCoov9QMB5gkH4hx5r_Q49ew,TheQuillCompany
UCosWOTQyKE0tN1qE4Ah80Og,http://www.youtube.com/channel/UCosWOTQyKE0tN1qE4Ah80Og,Alaine Baybayan
UCp9-3fFhiTjcCNxccOJ2vNA,http://www.youtube.com/channel/UCp9-3fFhiTjcCNxccOJ2vNA,itschloetan
UCpAN39LSR77qdCjxBnyA3CQ,http://www.youtube.com/channel/UCpAN39LSR77qdCjxBnyA3CQ,Dhrubo Editz
UCplkk3J5wrEl0TNrthHjq4Q,http://www.youtube.com/channel/UCplkk3J5wrEl0TNrthHjq4Q,Kurt Hugo Schneider
UCpqf-UHCeCSd0BqoxxrDv8g,http://www.youtube.com/channel/UCpqf-UHCeCSd0BqoxxrDv8g,leena norms
UCptsD7FpSKiEevFY76BzDWQ,http://www.youtube.com/channel/UCptsD7FpSKiEevFY76BzDWQ,BRAIN TRAIN
UCqVEHtQoXHmUCfJ-9smpTSg,http://www.youtube.com/channel/UCqVEHtQoXHmUCfJ-9smpTSg,Answer in Progress
UCqddQRq9NEI2Jcu3LIYK5jg,http://www.youtube.com/channel/UCqddQRq9NEI2Jcu3LIYK5jg,Spill Poetry
UCqmugCqELzhIMNYnsjScXXw,http://www.youtube.com/channel/UCqmugCqELzhIMNYnsjScXXw,Vsauce2
UCrdWRLq10OHuy7HmSckV3Vg,http://www.youtube.com/channel/UCrdWRLq10OHuy7HmSckV3Vg,Nathaniel Drew
UCsT0YIqwnpJCM-mx7-gSA4Q,http://www.youtube.com/channel/UCsT0YIqwnpJCM-mx7-gSA4Q,TEDx Talks
UCsXVk37bltHxD1rDPwtNM8Q,http://www.youtube.com/channel/UCsXVk37bltHxD1rDPwtNM8Q,Kurzgesagt – In a Nutshell
UCsooa4yRKGN_zEE8iknghZA,http://www.youtube.com/channel/UCsooa4yRKGN_zEE8iknghZA,TED-Ed
UCtkJN6t1eLLx7NqqJhpXK7A,http://www.youtube.com/channel/UCtkJN6t1eLLx7NqqJhpXK7A,Kristen Leo
UCtl9UfBhelkEQjVR2BsDZdw,http://www.youtube.com/channel/UCtl9UfBhelkEQjVR2BsDZdw,AsTer Diaries
UCu4ztYtW-Bg1KIfcLAULtVQ,http://www.youtube.com/channel/UCu4ztYtW-Bg1KIfcLAULtVQ,Data Structure by Saurabh Shukla Sir
UCuohk5l3YccVaa-TVjlwLdQ,http://www.youtube.com/channel/UCuohk5l3YccVaa-TVjlwLdQ,Himanshu Kumar
UCvjYfFzRoF2MUGiDrjwYiug,http://www.youtube.com/channel/UCvjYfFzRoF2MUGiDrjwYiug,I AM AASTHA THAPA
UCvprvzcz_oBLadSctpv6HBA,http://www.youtube.com/channel/UCvprvzcz_oBLadSctpv6HBA,rachspeed
UCvvz44J7wNn7InBMkq0tq4Q,http://www.youtube.com/channel/UCvvz44J7wNn7InBMkq0tq4Q,That's Really Cool Man - Podcast Clips
UCw3eyA3edUq3AJkh8HFLD2Q,http://www.youtube.com/channel/UCw3eyA3edUq3AJkh8HFLD2Q,Deewane: IES & GATE Point
UCwCI06WrrkGr1VyhkQMFBlw,http://www.youtube.com/channel/UCwCI06WrrkGr1VyhkQMFBlw,ElleOfTheMills
UCwmFOfFuvRPI112vR5DNnrA,http://www.youtube.com/channel/UCwmFOfFuvRPI112vR5DNnrA,Vsauce3
UCwppdrjsBPAZg5_cUwQjfMQ,http://www.youtube.com/channel/UCwppdrjsBPAZg5_cUwQjfMQ,Charlie Puth
UCxmw73O5jf8po-p9G6Mm4Ng,http://www.youtube.com/channel/UCxmw73O5jf8po-p9G6Mm4Ng,Ready Set Pooja
UCxvFIGBSKxjxGMFrd0lwRgA,http://www.youtube.com/channel/UCxvFIGBSKxjxGMFrd0lwRgA,Piyush Jush
UCy0Pr5u-MwGXXzp_GDd4m_g,http://www.youtube.com/channel/UCy0Pr5u-MwGXXzp_GDd4m_g,Julie Nolke
UCyJ71vOew1gZAlKZ0MDPmFg,http://www.youtube.com/channel/UCyJ71vOew1gZAlKZ0MDPmFg,Shruti Enabling Voices
UCyPzaFh-rkYzDDvkKgcJryw,http://www.youtube.com/channel/UCyPzaFh-rkYzDDvkKgcJryw,Viswajit Chauhan
UCzWQYUVCpZqtN93H8RR44Qw,http://www.youtube.com/channel/UCzWQYUVCpZqtN93H8RR44Qw,Seeker

